title,source,year,main_topic,tone,focus_group
"ChatGPT passes exams from law and business schools",CNN,2023,education impact,neutral,students
"Study finds ChatGPT did not increase cheating in high schools",CNN,2023,cheating,neutral,students
"Faculty express concern that student AI use undermines learning",College Board,2024,concerns,negative,professors
"How AI is affecting professors, students and learning",The Guardian,2026,education impact,neutral,professors
"With ChatGPT, Many Students May Be Cheating. Here’s What Teachers Can Do About It.",New York Times,2023,cheating,negative,professors
"U of I professors go viral after catching students using AI",WCIA,2024,cheating,negative,professors
"AI tools raise concerns about cheating in schools",BBC,2023,concerns,negative,students

"Colleges struggle to respond to AI writing tools",CNN,2024,policy,neutral,institutions
"Students increasingly rely on AI for homework",The Guardian,2023,student use,neutral,students
"Debate grows over AI and academic integrity",Reuters,2024,debate,neutral,institutions
"Professors rethink assignments due to AI",NPR,2023,education impact,neutral,professors
"AI detection tools face criticism for accuracy",Washington Post,2024,detection,negative,institutions
"Universities update policies on AI use",Inside Higher Ed,2024,policy,neutral,institutions
"Students defend use of AI tools in learning",BBC,2024,debate,positive,students
"AI reshapes classroom learning experiences",CNN,2023,education impact,neutral,students
"Teachers worry about fairness with AI tools",NPR,2023,concerns,negative,professors
"Rise of AI cheating cases in universities",New York Times,2024,cheating,negative,students
"Students explore benefits of AI for studying",Forbes,2023,student use,positive,students
"Universities debate banning AI tools",The Guardian,2023,debate,neutral,institutions
"AI detection software expands in education",Reuters,2024,detection,neutral,institutions
"Academic integrity policies evolve with AI",Inside Higher Ed,2024,policy,neutral,institutions
"AI raises ethical concerns in classrooms",BBC,2023,concerns,negative,students
"Professors adapt to new AI technologies",CNN,2023,education impact,neutral,professors
"Students accused of using AI for essays",Washington Post,2024,cheating,negative,students
"Colleges implement stricter AI guidelines",NPR,2024,policy,negative,institutions
"AI tools challenge traditional learning methods",The Guardian,2023,education impact,negative,students
"Debate continues over AI and cheating",Reuters,2023,debate,neutral,students
"Teachers report increase in AI use among students",BBC,2024,student use,neutral,professors
"Universities explore AI detection strategies",CNN,2024,detection,neutral,institutions
"Students balance AI use with academic ethics",New York Times,2024,debate,neutral,students
"AI transforms higher education practices",Forbes,2023,education impact,positive,institutions
"Concerns grow over misuse of AI in schools",NPR,2023,concerns,negative,students
"Professors question reliability of AI detection",Washington Post,2024,detection,negative,professors
"Universities revise honor codes for AI era",Inside Higher Ed,2024,policy,neutral,institutions
"Students turn to AI for academic support",BBC,2023,student use,positive,students
"AI sparks debate in education systems",CNN,2023,debate,neutral,institutions
"Teachers adjust grading methods due to AI",The Guardian,2024,education impact,neutral,professors
"Rise in AI-assisted assignments among students",Reuters,2024,student use,neutral,students
"Colleges address challenges of AI tools",New York Times,2023,education impact,neutral,institutions
"AI detection tools struggle with accuracy",NPR,2024,detection,negative,institutions
"Students question fairness of AI policies",Washington Post,2024,debate,neutral,students
"Universities respond to AI-driven changes",Inside Higher Ed,2023,education impact,neutral,institutions
"AI use in education continues to grow",Forbes,2024,student use,neutral,students
"Professors voice concerns about AI essays",BBC,2023,concerns,negative,professors
"Debate over AI and plagiarism intensifies",CNN,2024,debate,neutral,institutions
"Students adapt to AI in academic work",The Guardian,2023,education impact,positive,students
